{
    "available_space": true,
    "id": "r",
    "size_max": 25.460165977478027,
    "size_mean": 10.636905690034231,
    "size_min": 2.5793399810791016,
    "total_size": 510.57147312164307
}