{
    "available_space": true,
    "id": "r",
    "size_max": 27.741930961608887,
    "size_mean": 11.195584148168564,
    "size_min": 2.5793399810791016,
    "total_size": 716.5173854827881
}