{
    "available_space": true,
    "size_max": 25.460165977478027,
    "size_mean": 10.769859821238416,
    "size_min": 2.5793399810791016,
    "total_size": 506.18341159820557,
    "video_list": {
        "R.A.M.O.M.E.X.-LBpNFj4ldh8.mp4": {
            "size": 4.665950775146484
        },
        "RAMONES - I'm Affected-FhKpqXIjckk.mp4": {
            "size": 3.23783016204834
        },
        "RIP - Grito Espa\u00f1a (1985)-jQXLekKAPLY.mp4": {
            "size": 2.5793399810791016
        },
        "ROBERT PARKER - BAREFOOTIN' VIDEO FOOTAGE-azIytXgdggA.mp4": {
            "size": 13.153525352478027
        },
        "RODRIGO GONZALEZ_OH YO NO SE-cH7JrAZVnWM.mp4": {
            "size": 3.661740303039551
        },
        "ROSENDO CANTU   ' AMOR DE MIS AMORES '-pxFztYZEbcE.mp4": {
            "size": 6.568833351135254
        },
        "Racial Rupture-J4MXR64efTs.mp4": {
            "size": 2.767697334289551
        },
        "Radio Colifata - La Locura del Sol-6lfOP70-h7k.mp4": {
            "size": 17.71146297454834
        },
        "Radiohead - Creep-XFkzRNyygfk.mp4": {
            "size": 13.484855651855469
        },
        "Rage Against The Machine - Testify (Official Music Video)-Q3dvbM6Pias.mp4": {
            "size": 16.859984397888184
        },
        "Ramones - Sheena Is A Punk Rocker (Official Music Video)-yCW7Aw8ugOI.mp4": {
            "size": 13.839356422424316
        },
        "Ramones-Blitzkrieg Bop-iymtpePP8I8.mp4": {
            "size": 3.25003719329834
        },
        "Rancid - Fall Back Down [MUSIC VIDEO]-CinJuVtdp3Y.mp4": {
            "size": 19.202954292297363
        },
        "Raphael -Yo soy aquel-KjLmEJl5YqM.mp4": {
            "size": 5.858867645263672
        },
        "Rastaman chant - Bob Marley (LYRICS_LETRA) (Reggae)-K8OX14N7VxE.mp4": {
            "size": 25.460165977478027
        },
        "Ray Conniff Singers - STRANGER IN PARADISE-OEzO0X_6lbU.mp4": {
            "size": 14.490464210510254
        },
        "Ray Conniff and Julio Iglesias Hey!.mp4": {
            "size": 16.618159294128418
        },
        "Rebel` D Punk  .  Masacre 68-PK7rjpyYp1k.mp4": {
            "size": 4.649933815002441
        },
        "Recontra Aventur\u00edsima en G\u00fcanatos-8W264rhqbqI.mp4": {
            "size": 3.6070594787597656
        },
        "Recordando a Maria-3WU7szahEjo.mp4": {
            "size": 6.804457664489746
        },
        "Recordando la Infancia-cB-1zhBlgGI.mp4": {
            "size": 5.968343734741211
        },
        "Recto Verso.mp4": {
            "size": 14.40948486328125
        },
        "Red Hot Chili Peppers - Scar Tissue [Official Music Video]-mzJj5-lubeM.mp4": {
            "size": 12.51319694519043
        },
        "Reelin (Official Audio) - Iration-5YbkN7SBh-E.mp4": {
            "size": 23.696435928344727
        },
        "Regalo de Reyes - Chuy Vega, Fito Gamez  y Los Nuevos Cadetes-EMPgP21O8es.mp4": {
            "size": 6.381862640380859
        },
        "Reinventing Your Exit-ENLw_1TK6Ms.mp4": {
            "size": 11.274815559387207
        },
        "Release-_NKeJGUVY88.mp4": {
            "size": 16.911163330078125
        },
        "Remo Drive - Art School-vHlRYkKhsic.mp4": {
            "size": 10.41137409210205
        },
        "Residents - The Simple Song-R4m4MzWzN3g.mp4": {
            "size": 4.466747283935547
        },
        "Resistir\u00e9 M\u00e9xico (Video Oficial)-uBGlv05JUJI.mp4": {
            "size": 20.22917366027832
        },
        "Retiens mon d\u00e9sir.mp4": {
            "size": 3.9487342834472656
        },
        "Revelations (2015 Remaster)-ClUB7_8xjEw.mp4": {
            "size": 16.547943115234375
        },
        "Rightstarter (Message To A Black Man)-ckblm_W1GX4.mp4": {
            "size": 8.028033256530762
        },
        "Robby East - Live Another Day-lPLXQkPwO-E.mp4": {
            "size": 8.995668411254883
        },
        "Robert Cray, Robben Ford, David Sanborn, Marcus Miller - Otis Rush's All Your Love I Miss Lovin'-ZVmtF48DGXo.mp4": {
            "size": 15.676000595092773
        },
        "Roberto Carlos - Tu Regreso (Primera Fila - En Vivo) [Official Video]-v6MhCnZ8Rv4.mp4": {
            "size": 19.70201015472412
        },
        "Rock-A-Beatin' Boogie [Bill Haley]-Iql9016msD0.mp4": {
            "size": 6.364727020263672
        },
        "Rockdrigo Gonzales Los Intelectuales-a6tnG7wEtco.mp4": {
            "size": 6.566567420959473
        },
        "Rockdrigo Gonz\u00e1lez - Perro en el perif\u00e9rico-dk6AeLRe2es.mp4": {
            "size": 10.894213676452637
        },
        "Rodrigo Gonzalez-Diva Francesa.-aReU2jhb8Po.mp4": {
            "size": 5.041142463684082
        },
        "Rojuu - Llorando Sangre (Videoclip) [Prod. by Paul Married]-ECw5s46Ur5s.mp4": {
            "size": 9.490315437316895
        },
        "Romance del Prisionero - Paco Iba\u00f1ez-lcD98oVpWMw.mp4": {
            "size": 13.68421745300293
        },
        "Romeo Santos, Teodoro Reyes - ileso (Official Video)-yjdHGmRKz08.mp4": {
            "size": 17.249488830566406
        },
        "Rotten Apple-poo2xaEhrHE.mp4": {
            "size": 10.749011039733887
        },
        "Roxette - Joyride (Official Video)-xCorJG9mubk.mp4": {
            "size": 18.869876861572266
        },
        "Rsel x Nikeyz - Entre L\u00e1grimas (Letra)-jyX-qIiV5lc.mp4": {
            "size": 4.088689804077148
        },
        "R\u00edo y no s\u00e9 por que-_YDoZiVkhF8.mp4": {
            "size": 5.551497459411621
        }
    }
}