{
    "available_space": true,
    "id": "r",
    "size_max": 25.460165977478027,
    "size_mean": 10.769859821238416,
    "size_min": 2.5793399810791016,
    "total_size": 506.18341159820557
}